sep=;
Result No;Device Serial;Test Name;Cartridge ID;Sample ID;HIV-1 M/N;HIV-1 O;HIV-2;Error Code;Operator;Timestamp;Sample Detection;Device;HIV-1 Positive Control;HIV-2 Positive Control;Negative Control;Analysis;Device Software
83813;nat-90000001;Alere q HIV-1/2 Detect;635369;635626664640;Detected;Detected;Detected;;"Operator x";2015-03-23 00:14;Pass;Pass;Pass;Pass;Pass;Pass;0.12.32
83814;nat-90000001;Alere q HIV-1/2 Detect;635369;635626673280;Undetected;Undetected;Detected;;"Operator x";2015-03-23 00:28;Pass;Pass;Pass;Pass;Pass;Pass;0.12.32
83815;nat-90000001;Alere q HIV-1/2 Detect;635369;635626681920;Detected;Undetected;Detected;;"Operator x";2015-03-23 00:43;Pass;Pass;Pass;Pass;Pass;Pass;0.12.32
83816;nat-90000001;Alere q HIV-1/2 Detect;635369;635626690560;Detected;Detected;Detected;;"Operator x";2015-03-23 00:57;Pass;Pass;Pass;Pass;Pass;Pass;0.12.32
83817;nat-90000001;Alere q HIV-1/2 Detect;635369;635626699200;Detected;Detected;Undetected;;"Operator x";2015-03-23 01:12;Pass;Pass;Pass;Pass;Pass;Pass;0.12.32
83818;nat-90000001;Alere q HIV-1/2 Detect;635369;635626707840;Detected;Undetected;Detected;;"Operator x";2015-03-23 01:26;Pass;Pass;Pass;Pass;Pass;Pass;0.12.32
83819;nat-90000001;Alere q HIV-1/2 Detect;635369;635626716480;Detected;Undetected;Detected;;"Operator x";2015-03-23 01:40;Pass;Pass;Pass;Pass;Pass;Pass;0.12.32
83820;nat-90000001;Alere q HIV-1/2 Detect;635369;635626725120;Detected;Undetected;Undetected;;"Operator x";2015-03-23 01:55;Pass;Pass;Pass;Pass;Pass;Pass;0.12.32
83821;nat-90000001;Alere q HIV-1/2 Detect;635369;635626733760;Detected;Undetected;Detected;;"Operator x";2015-03-23 02:09;Pass;Pass;Pass;Pass;Pass;Pass;0.12.32
83822;nat-90000001;Alere q HIV-1/2 Detect;635369;635626742400;Undetected;Detected;Detected;;"Operator x";2015-03-23 02:24;Pass;Pass;Pass;Pass;Pass;Pass;0.12.32
83823;nat-90000001;Alere q HIV-1/2 Detect;635369;635626751040;Detected;Undetected;Detected;;"Operator x";2015-03-23 02:38;Pass;Pass;Pass;Pass;Pass;Pass;0.12.32
83824;nat-90000001;Alere q HIV-1/2 Detect;635369;635626759680;Undetected;Detected;Detected;;"Operator x";2015-03-23 02:52;Pass;Pass;Pass;Pass;Pass;Pass;0.12.32
83825;nat-90000001;Alere q HIV-1/2 Detect;635369;635626768320;Undetected;Undetected;Detected;;"Operator x";2015-03-23 03:07;Pass;Pass;Pass;Pass;Pass;Pass;0.12.32
83826;nat-90000001;Alere q HIV-1/2 Detect;635369;635626776960;Detected;Detected;Undetected;;"Operator x";2015-03-23 03:21;Pass;Pass;Pass;Pass;Pass;Pass;0.12.32
83827;nat-90000001;Alere q HIV-1/2 Detect;635369;635626785600;Detected;Undetected;Detected;;"Operator x";2015-03-23 03:36;Pass;Pass;Pass;Pass;Pass;Pass;0.12.32
83828;nat-90000001;Alere q HIV-1/2 Detect;635369;635626794240;Undetected;Detected;Detected;;"Operator x";2015-03-23 03:50;Pass;Pass;Pass;Pass;Pass;Pass;0.12.32
83829;nat-90000001;Alere q HIV-1/2 Detect;635369;635626802880;Detected;Detected;Undetected;;"Operator x";2015-03-23 04:04;Pass;Pass;Pass;Pass;Pass;Pass;0.12.32
83830;nat-90000001;Alere q HIV-1/2 Detect;635369;635626811520;Detected;Detected;Detected;;"Operator x";2015-03-23 04:19;Pass;Pass;Pass;Pass;Pass;Pass;0.12.32
83831;nat-90000001;Alere q HIV-1/2 Detect;635369;635626820160;Detected;Detected;Detected;;"Operator x";2015-03-23 04:33;Pass;Pass;Pass;Pass;Pass;Pass;0.12.32
83832;nat-90000001;Alere q HIV-1/2 Detect;635369;635626828800;Detected;Detected;Undetected;;"Operator x";2015-03-23 04:48;Pass;Pass;Pass;Pass;Pass;Pass;0.12.32
83833;nat-90000001;Alere q HIV-1/2 Detect;635369;635626837440;Detected;Undetected;Detected;;"Operator x";2015-03-23 05:02;Pass;Pass;Pass;Pass;Pass;Pass;0.12.32
83834;nat-90000001;Alere q HIV-1/2 Detect;635369;635626846080;Detected;Detected;Detected;;"Operator x";2015-03-23 05:16;Pass;Pass;Pass;Pass;Pass;Pass;0.12.32
83835;nat-90000001;Alere q HIV-1/2 Detect;635369;635626854720;Undetected;Detected;Undetected;;"Operator x";2015-03-23 05:31;Pass;Pass;Pass;Pass;Pass;Pass;0.12.32
83836;nat-90000001;Alere q HIV-1/2 Detect;635369;635626863360;Undetected;Undetected;Detected;;"Operator x";2015-03-23 05:45;Pass;Pass;Pass;Pass;Pass;Pass;0.12.32
83837;nat-90000001;Alere q HIV-1/2 Detect;635369;635626872000;Undetected;Detected;Undetected;;"Operator x";2015-03-23 06:00;Pass;Pass;Pass;Pass;Pass;Pass;0.12.32
83838;nat-90000001;Alere q HIV-1/2 Detect;635369;635626880640;Detected;Detected;Undetected;;"Operator x";2015-03-23 06:14;Pass;Pass;Pass;Pass;Pass;Pass;0.12.32
83839;nat-90000001;Alere q HIV-1/2 Detect;635369;635626889280;Detected;Undetected;Detected;;"Operator x";2015-03-23 06:28;Pass;Pass;Pass;Pass;Pass;Pass;0.12.32
83840;nat-90000001;Alere q HIV-1/2 Detect;635369;635626897920;Undetected;Detected;Undetected;;"Operator x";2015-03-23 06:43;Pass;Pass;Pass;Pass;Pass;Pass;0.12.32
83841;nat-90000001;Alere q HIV-1/2 Detect;635369;635626906560;Undetected;Detected;Undetected;;"Operator x";2015-03-23 06:57;Pass;Pass;Pass;Pass;Pass;Pass;0.12.32
83842;nat-90000001;Alere q HIV-1/2 Detect;635369;635626915200;Detected;Detected;Detected;;"Operator x";2015-03-23 07:12;Pass;Pass;Pass;Pass;Pass;Pass;0.12.32
83843;nat-90000001;Alere q HIV-1/2 Detect;635369;635626923840;Detected;Detected;Detected;;"Operator x";2015-03-23 07:26;Pass;Pass;Pass;Pass;Pass;Pass;0.12.32
83844;nat-90000001;Alere q HIV-1/2 Detect;635369;635626932480;Detected;Detected;Detected;;"Operator x";2015-03-23 07:40;Pass;Pass;Pass;Pass;Pass;Pass;0.12.32
83845;nat-90000001;Alere q HIV-1/2 Detect;635369;635626941120;Undetected;Detected;Undetected;;"Operator x";2015-03-23 07:55;Pass;Pass;Pass;Pass;Pass;Pass;0.12.32
83846;nat-90000001;Alere q HIV-1/2 Detect;635369;635626949760;Detected;Undetected;Detected;;"Operator x";2015-03-23 08:09;Pass;Pass;Pass;Pass;Pass;Pass;0.12.32
83847;nat-90000001;Alere q HIV-1/2 Detect;635369;635626958400;Detected;Detected;Undetected;;"Operator x";2015-03-23 08:24;Pass;Pass;Pass;Pass;Pass;Pass;0.12.32
83848;nat-90000001;Alere q HIV-1/2 Detect;635369;635626967040;Undetected;Undetected;Undetected;;"Operator x";2015-03-23 08:38;Pass;Pass;Pass;Pass;Pass;Pass;0.12.32
83849;nat-90000001;Alere q HIV-1/2 Detect;635369;635626975680;Detected;Detected;Detected;;"Operator x";2015-03-23 08:52;Pass;Pass;Pass;Pass;Pass;Pass;0.12.32
83850;nat-90000001;Alere q HIV-1/2 Detect;635369;635626984320;Undetected;Detected;Detected;;"Operator x";2015-03-23 09:07;Pass;Pass;Pass;Pass;Pass;Pass;0.12.32
83851;nat-90000001;Alere q HIV-1/2 Detect;635369;635626992960;Detected;Undetected;Detected;;"Operator x";2015-03-23 09:21;Pass;Pass;Pass;Pass;Pass;Pass;0.12.32
83852;nat-90000001;Alere q HIV-1/2 Detect;635369;635627001600;Detected;Detected;Detected;;"Operator x";2015-03-23 09:36;Pass;Pass;Pass;Pass;Pass;Pass;0.12.32
83853;nat-90000001;Alere q HIV-1/2 Detect;635369;635627010240;Detected;Detected;Undetected;;"Operator x";2015-03-23 09:50;Pass;Pass;Pass;Pass;Pass;Pass;0.12.32
83854;nat-90000001;Alere q HIV-1/2 Detect;635369;635627018880;Detected;Detected;Detected;;"Operator x";2015-03-23 10:04;Pass;Pass;Pass;Pass;Pass;Pass;0.12.32
83855;nat-90000001;Alere q HIV-1/2 Detect;635369;635627027520;Detected;Detected;Detected;;"Operator x";2015-03-23 10:19;Pass;Pass;Pass;Pass;Pass;Pass;0.12.32
83856;nat-90000001;Alere q HIV-1/2 Detect;635369;635627036160;Detected;Detected;Detected;;"Operator x";2015-03-23 10:33;Pass;Pass;Pass;Pass;Pass;Pass;0.12.32
83857;nat-90000001;Alere q HIV-1/2 Detect;635369;635627044800;Detected;Undetected;Undetected;;"Operator x";2015-03-23 10:48;Pass;Pass;Pass;Pass;Pass;Pass;0.12.32
83858;nat-90000001;Alere q HIV-1/2 Detect;635369;635627053440;Detected;Detected;Detected;;"Operator x";2015-03-23 11:02;Pass;Pass;Pass;Pass;Pass;Pass;0.12.32
83859;nat-90000001;Alere q HIV-1/2 Detect;635369;635627062080;Detected;Detected;Undetected;;"Operator x";2015-03-23 11:16;Pass;Pass;Pass;Pass;Pass;Pass;0.12.32
83860;nat-90000001;Alere q HIV-1/2 Detect;635369;635627070720;Undetected;Detected;Detected;;"Operator x";2015-03-23 11:31;Pass;Pass;Pass;Pass;Pass;Pass;0.12.32
83861;nat-90000001;Alere q HIV-1/2 Detect;635369;635627079360;Detected;Detected;Detected;;"Operator x";2015-03-23 11:45;Pass;Pass;Pass;Pass;Pass;Pass;0.12.32
83862;nat-90000001;Alere q HIV-1/2 Detect;635369;635627088000;Detected;Detected;Detected;;"Operator x";2015-03-23 12:00;Pass;Pass;Pass;Pass;Pass;Pass;0.12.32
83863;nat-90000001;Alere q HIV-1/2 Detect;635369;635627096640;Detected;Detected;Detected;;"Operator x";2015-03-23 12:14;Pass;Pass;Pass;Pass;Pass;Pass;0.12.32
83864;nat-90000001;Alere q HIV-1/2 Detect;635369;635627105280;Detected;Detected;Undetected;;"Operator x";2015-03-23 12:28;Pass;Pass;Pass;Pass;Pass;Pass;0.12.32
83865;nat-90000001;Alere q HIV-1/2 Detect;635369;635627113920;Detected;Undetected;Detected;;"Operator x";2015-03-23 12:43;Pass;Pass;Pass;Pass;Pass;Pass;0.12.32
83866;nat-90000001;Alere q HIV-1/2 Detect;635369;635627122560;Detected;Detected;Detected;;"Operator x";2015-03-23 12:57;Pass;Pass;Pass;Pass;Pass;Pass;0.12.32
83867;nat-90000001;Alere q HIV-1/2 Detect;635369;635627131200;Detected;Undetected;Undetected;;"Operator x";2015-03-23 13:12;Pass;Pass;Pass;Pass;Pass;Pass;0.12.32
83868;nat-90000001;Alere q HIV-1/2 Detect;635369;635627139840;Undetected;Detected;Detected;;"Operator x";2015-03-23 13:26;Pass;Pass;Pass;Pass;Pass;Pass;0.12.32
83869;nat-90000001;Alere q HIV-1/2 Detect;635369;635627148480;Detected;Detected;Detected;;"Operator x";2015-03-23 13:40;Pass;Pass;Pass;Pass;Pass;Pass;0.12.32
83870;nat-90000001;Alere q HIV-1/2 Detect;635369;635627157120;Detected;Detected;Detected;;"Operator x";2015-03-23 13:55;Pass;Pass;Pass;Pass;Pass;Pass;0.12.32
83871;nat-90000001;Alere q HIV-1/2 Detect;635369;635627165760;Undetected;Detected;Detected;;"Operator x";2015-03-23 14:09;Pass;Pass;Pass;Pass;Pass;Pass;0.12.32
83872;nat-90000001;Alere q HIV-1/2 Detect;635369;635627174400;Undetected;Detected;Detected;;"Operator x";2015-03-23 14:24;Pass;Pass;Pass;Pass;Pass;Pass;0.12.32
83873;nat-90000001;Alere q HIV-1/2 Detect;635369;635627183040;Detected;Undetected;Detected;;"Operator x";2015-03-23 14:38;Pass;Pass;Pass;Pass;Pass;Pass;0.12.32
83874;nat-90000001;Alere q HIV-1/2 Detect;635369;635627191680;Undetected;Detected;Undetected;;"Operator x";2015-03-23 14:52;Pass;Pass;Pass;Pass;Pass;Pass;0.12.32
83875;nat-90000001;Alere q HIV-1/2 Detect;635369;635627200320;Detected;Detected;Undetected;;"Operator x";2015-03-23 15:07;Pass;Pass;Pass;Pass;Pass;Pass;0.12.32
83876;nat-90000001;Alere q HIV-1/2 Detect;635369;635627208960;Detected;Detected;Detected;;"Operator x";2015-03-23 15:21;Pass;Pass;Pass;Pass;Pass;Pass;0.12.32
83877;nat-90000001;Alere q HIV-1/2 Detect;635369;635627217600;Undetected;Undetected;Undetected;;"Operator x";2015-03-23 15:36;Pass;Pass;Pass;Pass;Pass;Pass;0.12.32
83878;nat-90000001;Alere q HIV-1/2 Detect;635369;635627226240;Detected;Undetected;Detected;;"Operator x";2015-03-23 15:50;Pass;Pass;Pass;Pass;Pass;Pass;0.12.32
83879;nat-90000001;Alere q HIV-1/2 Detect;635369;635627234880;Detected;Detected;Detected;;"Operator x";2015-03-23 16:04;Pass;Pass;Pass;Pass;Pass;Pass;0.12.32
83880;nat-90000001;Alere q HIV-1/2 Detect;635369;635627243520;Detected;Detected;Undetected;;"Operator x";2015-03-23 16:19;Pass;Pass;Pass;Pass;Pass;Pass;0.12.32
83881;nat-90000001;Alere q HIV-1/2 Detect;635369;635627252160;Detected;Detected;Detected;;"Operator x";2015-03-23 16:33;Pass;Pass;Pass;Pass;Pass;Pass;0.12.32
83882;nat-90000001;Alere q HIV-1/2 Detect;635369;635627260800;Detected;Detected;Detected;;"Operator x";2015-03-23 16:48;Pass;Pass;Pass;Pass;Pass;Pass;0.12.32
83883;nat-90000001;Alere q HIV-1/2 Detect;635369;635627269440;;;;118347;"Operator x";2015-03-23 17:02;Pass;Pass;Pass;Pass;Pass;Pass;0.12.32
83884;nat-90000001;Alere q HIV-1/2 Detect;635369;635627278080;;;;118347;"Operator x";2015-03-23 17:16;Pass;Pass;Pass;Pass;Pass;Pass;0.12.32
83885;nat-90000001;Alere q HIV-1/2 Detect;635369;635627286720;;;;118347;"Operator x";2015-03-23 17:31;Pass;Pass;Pass;Pass;Pass;Pass;0.12.32
83886;nat-90000001;Alere q HIV-1/2 Detect;635369;635627295360;;;;118347;"Operator x";2015-03-23 17:45;Pass;Pass;Pass;Pass;Pass;Pass;0.12.32
83887;nat-90000001;Alere q HIV-1/2 Detect;635369;635627304000;;;;118347;"Operator x";2015-03-23 18:00;Pass;Pass;Pass;Pass;Pass;Pass;0.12.32
83888;nat-90000001;Alere q HIV-1/2 Detect;635369;635627312640;;;;118347;"Operator x";2015-03-23 18:14;Pass;Pass;Pass;Pass;Pass;Pass;0.12.32
83889;nat-90000001;Alere q HIV-1/2 Detect;635369;635627321280;;;;118347;"Operator x";2015-03-23 18:28;Pass;Pass;Pass;Pass;Pass;Pass;0.12.32
83890;nat-90000001;Alere q HIV-1/2 Detect;635369;635627329920;;;;118347;"Operator x";2015-03-23 18:43;Pass;Pass;Pass;Pass;Pass;Pass;0.12.32
83891;nat-90000001;Alere q HIV-1/2 Detect;635369;635627338560;;;;118347;"Operator x";2015-03-23 18:57;Pass;Pass;Pass;Pass;Pass;Pass;0.12.32
83892;nat-90000001;Alere q HIV-1/2 Detect;635369;635627347200;;;;118347;"Operator x";2015-03-23 19:12;Pass;Pass;Pass;Pass;Pass;Pass;0.12.32
83893;nat-90000001;Alere q HIV-1/2 Detect;635369;635627355840;;;;11111;"Operator x";2015-03-23 19:26;Pass;Pass;Pass;Pass;Pass;Fail;0.12.32
83894;nat-90000001;Alere q HIV-1/2 Detect;635369;635627364480;;;;11111;"Operator x";2015-03-23 19:40;Pass;Pass;Pass;Pass;Fail;Pass;0.12.32
83895;nat-90000001;Alere q HIV-1/2 Detect;635369;635627373120;;;;11111;"Operator x";2015-03-23 19:55;Pass;Pass;Pass;Pass;Fail;Pass;0.12.32
83896;nat-90000001;Alere q HIV-1/2 Detect;635369;635627381760;;;;11111;"Operator x";2015-03-23 20:09;Pass;Pass;Pass;Fail;Pass;Pass;0.12.32
83897;nat-90000001;Alere q HIV-1/2 Detect;635369;635627390400;;;;11111;"Operator x";2015-03-23 20:24;Pass;Pass;Fail;Pass;Pass;Pass;0.12.32
83898;nat-90000001;Alere q HIV-1/2 Detect;635369;635627399040;;;;11111;"Operator x";2015-03-23 20:38;Pass;Pass;Pass;Fail;Pass;Pass;0.12.32
83899;nat-90000001;Alere q HIV-1/2 Detect;635369;635627407680;;;;11111;"Operator x";2015-03-23 20:52;Pass;Pass;Fail;Pass;Pass;Pass;0.12.32
83900;nat-90000001;Alere q HIV-1/2 Detect;635369;635627416320;;;;11111;"Operator x";2015-03-23 21:07;Pass;Pass;Pass;Pass;Fail;Pass;0.12.32
83901;nat-90000001;Alere q HIV-1/2 Detect;635369;635627424960;;;;11111;"Operator x";2015-03-23 21:21;Pass;Pass;Pass;Fail;Pass;Pass;0.12.32
83902;nat-90000001;Alere q HIV-1/2 Detect;635369;635627433600;;;;11111;"Operator x";2015-03-23 21:36;Pass;Pass;Pass;Fail;Pass;Pass;0.12.32
83903;nat-90000001;Alere q HIV-1/2 Detect;635369;635627442240;;;;11111;"Operator x";2015-03-23 21:50;Pass;Pass;Pass;Pass;Fail;Pass;0.12.32
83904;nat-90000001;Alere q HIV-1/2 Detect;635369;635627450880;;;;11111;"Operator x";2015-03-23 22:04;Pass;Fail;Pass;Pass;Pass;Pass;0.12.32
83905;nat-90000001;Alere q HIV-1/2 Detect;635369;635627459520;;;;11111;"Operator x";2015-03-23 22:19;Pass;Fail;Pass;Pass;Pass;Pass;0.12.32
83906;nat-90000001;Alere q HIV-1/2 Detect;635369;635627468160;;;;11111;"Operator x";2015-03-23 22:33;Pass;Pass;Pass;Fail;Pass;Pass;0.12.32
83907;nat-90000001;Alere q HIV-1/2 Detect;635369;635627476800;;;;11111;"Operator x";2015-03-23 22:48;Pass;Pass;Pass;Pass;Fail;Pass;0.12.32
83908;nat-90000001;Alere q HIV-1/2 Detect;635369;635627485440;;;;11111;"Operator x";2015-03-23 23:02;Pass;Pass;Pass;Pass;Fail;Pass;0.12.32
83909;nat-90000001;Alere q HIV-1/2 Detect;635369;635627494080;;;;11111;"Operator x";2015-03-23 23:16;Pass;Pass;Pass;Pass;Fail;Pass;0.12.32
83910;nat-90000001;Alere q HIV-1/2 Detect;635369;635627502720;;;;11111;"Operator x";2015-03-23 23:31;Pass;Pass;Fail;Pass;Pass;Pass;0.12.32
83911;nat-90000001;Alere q HIV-1/2 Detect;635369;635627511360;;;;11111;"Operator x";2015-03-23 23:45;Pass;Pass;Pass;Pass;Fail;Pass;0.12.32
83912;nat-90000001;Alere q HIV-1/2 Detect;635369;635627520000;;;;11111;"Operator x";2015-03-24 00:00;Pass;Pass;Pass;Pass;Fail;Pass;0.12.32
